{
    "adapt_mode": 2, 
    "children": [
        {
            "adapter_option": [
                true, 
                true, 
                true, 
                true, 
                64.5, 
                64.5, 
                115.55999755859375, 
                115.55999755859375
            ], 
            "children": [
                {
                    "children": [], 
                    "event_list": [], 
                    "image": 106462, 
                    "name": "bg_0", 
                    "opacity": 0.5, 
                    "pos": {
                        "__tuple__": true, 
                        "items": [
                            844.4444580078125, 
                            635.5
                        ]
                    }, 
                    "pos_percent": {
                        "__tuple__": true, 
                        "items": [
                            50.0002638178197, 
                            66.82439537329127
                        ]
                    }, 
                    "size": {
                        "__tuple__": true, 
                        "items": [
                            800.0, 
                            15.0
                        ]
                    }, 
                    "type": 4, 
                    "uid": "c27c4427-dac2-4f7c-947f-b593fb27999e"
                }, 
                {
                    "children": [], 
                    "event_list": [], 
                    "image": 106462, 
                    "name": "bg_1", 
                    "opacity": 0.5, 
                    "pos": {
                        "__tuple__": true, 
                        "items": [
                            844.4444580078125, 
                            415.5
                        ]
                    }, 
                    "pos_percent": {
                        "__tuple__": true, 
                        "items": [
                            50.0002638178197, 
                            43.69085173501578
                        ]
                    }, 
                    "size": {
                        "__tuple__": true, 
                        "items": [
                            800.0, 
                            15.0
                        ]
                    }, 
                    "type": 4, 
                    "uid": "f837b0c1-b324-4007-8f19-9c61860a865f"
                }, 
                {
                    "children": [], 
                    "event_list": [], 
                    "image": 106462, 
                    "name": "bg_2", 
                    "opacity": 0.5, 
                    "pos": {
                        "__tuple__": true, 
                        "items": [
                            844.4444580078125, 
                            295.5
                        ]
                    }, 
                    "pos_percent": {
                        "__tuple__": true, 
                        "items": [
                            50.0002638178197, 
                            31.07255520504732
                        ]
                    }, 
                    "size": {
                        "__tuple__": true, 
                        "items": [
                            800.0, 
                            15.0
                        ]
                    }, 
                    "type": 4, 
                    "uid": "6a59dec8-d952-4084-9958-b65aa49fc19a"
                }, 
                {
                    "adapter_option": [
                        false, 
                        false, 
                        false, 
                        false, 
                        1072.5, 
                        -7.5, 
                        360.0, 
                        360.0
                    ], 
                    "children": [], 
                    "event_list": [], 
                    "image": 106461, 
                    "name": "yellow", 
                    "opacity": 0.8, 
                    "pos": {
                        "__tuple__": true, 
                        "items": [
                            844.4444580078125, 
                            635.5
                        ]
                    }, 
                    "pos_percent": {
                        "__tuple__": true, 
                        "items": [
                            50.0002638178197, 
                            66.82439537329127
                        ]
                    }, 
                    "size": {
                        "__tuple__": true, 
                        "items": [
                            800.0, 
                            15.0
                        ]
                    }, 
                    "type": 4, 
                    "uid": "f2d819c0-4db1-4123-8db3-813ec2a0f5c2"
                }, 
                {
                    "children": [], 
                    "event_list": [], 
                    "image": 106460, 
                    "name": "red", 
                    "opacity": 0.8, 
                    "pos": {
                        "__tuple__": true, 
                        "items": [
                            844.4444580078125, 
                            415.5
                        ]
                    }, 
                    "pos_percent": {
                        "__tuple__": true, 
                        "items": [
                            50.0002638178197, 
                            43.69085173501578
                        ]
                    }, 
                    "size": {
                        "__tuple__": true, 
                        "items": [
                            800.0, 
                            15.0
                        ]
                    }, 
                    "type": 4, 
                    "uid": "48880453-1495-4bfc-af76-8d0f95017f09"
                }, 
                {
                    "adapter_option": [
                        false, 
                        false, 
                        false, 
                        false, 
                        1072.5, 
                        -7.5, 
                        360.0, 
                        360.0
                    ], 
                    "children": [], 
                    "event_list": [], 
                    "image": 106463, 
                    "name": "green", 
                    "opacity": 0.8, 
                    "pos": {
                        "__tuple__": true, 
                        "items": [
                            844.0, 
                            295.5
                        ]
                    }, 
                    "pos_percent": {
                        "__tuple__": true, 
                        "items": [
                            49.97394708681883, 
                            31.07255520504732
                        ]
                    }, 
                    "size": {
                        "__tuple__": true, 
                        "items": [
                            800.0, 
                            15.0
                        ]
                    }, 
                    "type": 4, 
                    "uid": "72d831b7-eebb-452e-8a2a-3820a070c44a"
                }, 
                {
                    "alignment": {
                        "__tuple__": true, 
                        "items": [
                            2, 
                            8
                        ]
                    }, 
                    "children": [], 
                    "event_list": [], 
                    "name": "yellow_text", 
                    "over_pattern": true, 
                    "pos": {
                        "__tuple__": true, 
                        "items": [
                            844.4400024414062, 
                            605.5
                        ]
                    }, 
                    "pos_percent": {
                        "__tuple__": true,